year,month,day,dep_time,dep_delay,arr_time,arr_delay,carrier,tailnum,flight,origin,dest,air_time,distance,hour,minute
2014,1,1,1,96,235,70,AS,N508AS,145,PDX,ANC,194,1542,0,1
2014,1,1,4,-6,738,-23,US,N195UW,1830,SEA,CLT,252,2279,0,4
2014,1,1,8,13,548,-4,UA,N37422,1609,PDX,IAH,201,1825,0,8
2014,1,1,28,-2,800,-23,US,N547UW,466,PDX,CLT,251,2282,0,28
2014,1,1,34,44,325,43,AS,N762AS,121,SEA,ANC,201,1448,0,34
2014,1,1,37,82,747,88,DL,N806DN,1823,SEA,DTW,224,1927,0,37
2014,1,1,346,227,936,219,UA,N14219,1481,SEA,ORD,202,1721,3,46
2014,1,1,526,-4,1148,15,UA,N813UA,229,PDX,IAH,217,1825,5,26
2014,1,1,527,7,917,24,UA,N75433,1576,SEA,DEN,136,1024,5,27
2014,1,1,536,1,1334,-6,UA,N574UA,478,SEA,EWR,268,2402,5,36
2014,1,1,541,1,911,4,UA,N36476,1569,PDX,DEN,130,991,5,41
2014,1,1,549,24,907,12,US,N548UW,649,PDX,PHX,122,1009,5,49
2014,1,1,550,0,837,-12,DL,N660DL,1634,SEA,SLC,82,689,5,50
2014,1,1,557,-3,1134,-16,AA,N3JLAA,1094,SEA,DFW,184,1660,5,57
2014,1,1,557,-3,825,-25,AS,N562AS,81,SEA,ANC,188,1448,5,57
2014,1,1,558,-2,801,-2,AS,N402AS,200,SEA,SJC,100,697,5,58
2014,1,1,559,-1,916,-9,F9,N210FR,796,PDX,DEN,125,991,5,59
2014,1,1,600,0,1151,-19,AA,N3JFAA,2240,SEA,ORD,206,1721,6,0
2014,1,1,600,-10,842,-8,AS,N786AS,426,SEA,LAX,125,954,6,0
2014,1,1,602,-3,943,5,F9,N201FR,144,SEA,DEN,129,1024,6,2
2014,1,1,602,-3,1204,7,UA,N77295,1573,PDX,ORD,203,1739,6,2
2014,1,1,603,-2,755,-17,AS,N577AS,344,SEA,OAK,94,672,6,3
2014,1,1,603,-3,1202,-2,UA,N37290,1136,SEA,ORD,203,1721,6,3
2014,1,1,606,-4,806,-19,AS,N525AS,308,SEA,SFO,98,679,6,6
2014,1,1,606,6,746,3,AS,N796AS,406,PDX,SJC,87,569,6,6
2014,1,1,614,-1,850,-2,AS,N607AS,524,SEA,SNA,135,978,6,14
2014,1,1,617,2,850,-12,AS,N579AS,494,SEA,SAN,131,1050,6,17
2014,1,1,618,-2,1135,-30,AA,N4XMAA,1650,PDX,DFW,184,1616,6,18
2014,1,1,619,-6,822,-7,VX,N841VA,751,SEA,SFO,101,679,6,19
2014,1,1,620,-2,905,0,OO,N804SK,4693,SEA,LAX,125,954,6,20
2014,1,1,622,2,1412,-19,UA,N36472,1021,PDX,EWR,270,2434,6,22
2014,1,1,623,13,1218,-4,UA,N72405,1101,SEA,IAH,213,1874,6,23
2014,1,1,624,-6,1401,-6,DL,N617DL,968,SEA,ATL,235,2182,6,24
2014,1,1,629,-9,1014,-1,UA,N566UA,883,SEA,DEN,132,1024,6,29
2014,1,1,630,-10,834,-14,OO,N219AG,3456,PDX,BUR,105,817,6,30
2014,1,1,632,-3,1235,5,WN,N8302F,3694,SEA,MDW,204,1733,6,32
2014,1,1,637,-8,858,-7,AS,N408AS,560,PDX,LAX,108,834,6,37
2014,1,1,637,-3,854,-6,AS,N588AS,572,PDX,SAN,120,933,6,37
2014,1,1,638,-2,1003,-5,AS,N508AS,646,PDX,PHX,125,1009,6,38
2014,1,1,638,10,1408,-4,UA,N526UA,250,PDX,IAD,253,2327,6,38
2014,1,1,639,-1,918,3,AS,N794AS,556,SEA,PSP,130,987,6,39
2014,1,1,639,-1,1216,-10,AS,N442AS,668,SEA,DFW,189,1660,6,39
2014,1,1,639,4,1219,-11,WN,N8308K,401,PDX,MDW,207,1751,6,39
2014,1,1,647,-3,923,-2,AS,N315AS,470,SEA,LAX,124,954,6,47
2014,1,1,647,-3,1038,19,AS,N553AS,682,SEA,DEN,136,1024,6,47
2014,1,1,648,-7,1203,-9,AS,N419AS,36,SEA,MSP,164,1399,6,48
2014,1,1,648,-12,910,-11,AS,N611AS,582,PDX,SNA,122,859,6,48
2014,1,1,650,90,1037,91,US,N626AW,460,SEA,PHX,141,1107,6,50
2014,1,1,654,-6,1047,-33,AS,N586AS,833,PDX,HNL,327,2603,6,54
2014,1,1,654,-6,1455,-10,DL,N686DA,418,SEA,JFK,273,2422,6,54
2014,1,1,655,-5,1210,-7,DL,N963DN,2090,PDX,MSP,168,1426,6,55
2014,1,1,656,-4,1242,-28,AA,N3KMAA,2218,PDX,ORD,200,1739,6,56
2014,1,1,656,-4,853,8,VX,N523VA,805,PDX,SFO,82,550,6,56
2014,1,1,700,0,844,-1,UA,N479UA,519,PDX,SFO,80,550,7,0
2014,1,1,701,-4,918,-6,AS,N618AS,606,SEA,LAS,115,867,7,1
2014,1,1,701,1,1036,-9,WN,N8318F,669,SEA,PHX,133,1107,7,1
2014,1,1,702,-3,932,-8,VX,N840VA,1780,SEA,LAX,127,954,7,2
2014,1,1,702,-8,940,-2,OO,N217AG,3472,SEA,LGB,130,965,7,2
2014,1,1,704,-6,1245,-20,AA,N3KNAA,1308,SEA,DFW,188,1660,7,4
2014,1,1,704,-1,910,-9,OO,N223AG,3460,PDX,ONT,106,838,7,4
2014,1,1,705,0,931,9,B6,N627JB,1121,PDX,LGB,113,846,7,5
2014,1,1,706,6,952,-13,AS,N306AS,726,SEA,SLC,86,689,7,6
2014,1,1,708,-7,1510,-19,AA,N3DNAA,236,SEA,JFK,281,2422,7,8
2014,1,1,708,-2,1453,-20,DL,N3772H,2258,PDX,JFK,267,2454,7,8
2014,1,1,709,-1,915,-5,AS,N558AS,332,SEA,SJC,103,697,7,9
2014,1,1,709,9,1209,-4,DL,N374NW,2314,SEA,MSP,160,1399,7,9
2014,1,1,710,-5,906,-21,AS,N309AS,244,PDX,SFO,82,550,7,10
2014,1,1,712,-3,1013,-1,DL,N355NW,2397,SEA,SLC,85,689,7,12
2014,1,1,713,20,1317,10,UA,N854UA,461,SEA,IAH,218,1874,7,13
2014,1,1,715,0,944,-10,AS,N617AS,478,SEA,LAX,127,954,7,15
2014,1,1,715,-5,1055,-47,AS,N536AS,855,PDX,KOA,326,2607,7,15
2014,1,1,717,-3,1057,-11,AS,N769AS,642,SEA,PHX,134,1107,7,17
2014,1,1,722,-3,933,3,WN,N407WN,947,PDX,LAS,101,763,7,22
2014,1,1,726,1,1117,17,WN,N603SW,2181,SEA,DEN,133,1024,7,26
2014,1,1,728,-2,951,-7,AS,N320AS,530,SEA,ONT,124,956,7,28
2014,1,1,735,5,940,-9,UA,N16732,1114,SEA,SFO,104,679,7,35
2014,1,1,739,14,1003,-2,AS,N518AS,240,SEA,SAN,132,1050,7,39
2014,1,1,741,31,947,19,AS,N431AS,222,SEA,SFO,96,679,7,41
2014,1,1,745,5,1327,7,WN,N924WN,3872,SEA,MKE,200,1694,7,45
2014,1,1,749,-6,1013,-3,AS,N627AS,522,SEA,BUR,122,937,7,49
2014,1,1,754,-6,1011,-14,AS,N706AS,568,PDX,LAX,111,834,7,54
2014,1,1,757,52,855,45,AS,N705AS,65,SEA,KTN,100,680,7,57
2014,1,1,801,-4,932,-18,WN,N447WN,48,PDX,OAK,78,543,8,1
2014,1,1,802,-3,1533,-17,AS,N532AS,742,SEA,ATL,249,2182,8,2
2014,1,1,809,-1,1021,-8,AS,N557AS,600,SEA,LAS,115,867,8,9
2014,1,1,809,-6,1326,-5,DL,N951DN,1588,PDX,MSP,170,1426,8,9
2014,1,1,810,-10,1419,-11,AA,N3DSAA,1236,SEA,ORD,202,1721,8,10
2014,1,1,810,0,1604,-2,AS,N514AS,4,SEA,DCA,259,2329,8,10
2014,1,1,817,17,1045,-4,AS,N529AS,83,SEA,ANC,184,1448,8,17
2014,1,1,817,-3,1158,-7,WN,N379SW,253,SEA,ABQ,138,1180,8,17
2014,1,1,819,14,1343,-7,AA,N4XPAA,1220,PDX,DFW,178,1616,8,19
2014,1,1,821,10,1552,-8,UA,N514UA,419,SEA,IAD,250,2306,8,21
2014,1,1,824,-1,1546,-14,DL,N633DL,128,SEA,ATL,234,2182,8,24
2014,1,1,825,-5,1412,-3,AA,N3BDAA,312,SEA,DFW,183,1660,8,25
2014,1,1,825,25,1650,30,AS,N551AS,16,SEA,MCO,301,2554,8,25
2014,1,1,825,-5,1436,15,AS,N305AS,28,SEA,ORD,202,1721,8,25
2014,1,1,825,0,1352,10,DL,N584NW,588,SEA,MSP,162,1399,8,25
2014,1,1,827,2,1414,-16,UA,N38446,1510,PDX,IAH,210,1825,8,27
2014,1,1,829,-1,1228,-22,AS,N563AS,861,SEA,OGG,338,2640,8,29
2014,1,1,830,0,1206,-12,US,N667AW,440,SEA,PHX,132,1107,8,30
2014,1,1,833,-2,1351,-9,WN,N200WN,41,SEA,MCI,175,1489,8,33
2014,1,1,834,-1,1107,-7,AS,N624AS,502,SEA,SNA,136,978,8,34
2014,1,1,834,-1,1632,-9,US,N650AW,553,SEA,PHL,273,2378,8,34
2014,1,1,840,-5,1226,16,WN,N940WN,644,PDX,DEN,125,991,8,40
2014,1,1,843,-2,1159,-14,US,N664AW,685,PDX,PHX,122,1009,8,43
2014,1,1,845,0,1640,-9,AS,N407AS,32,SEA,PHL,263,2378,8,45
2014,1,1,846,-4,1114,-16,WN,N772SW,223,PDX,SLC,77,630,8,46
2014,1,1,857,7,1303,-22,AS,N512AS,875,SEA,LIH,338,2701,8,57
2014,1,1,916,36,1802,39,AS,N528AS,34,SEA,FLL,326,2717,9,16
2014,1,1,919,-6,1719,-16,AS,N535AS,30,PDX,BOS,276,2537,9,19
2014,1,1,919,39,1307,12,HA,N383HA,21,SEA,HNL,330,2677,9,19
2014,1,1,922,17,1718,4,AS,N423AS,8,SEA,EWR,272,2402,9,22
2014,1,1,923,13,1208,21,AS,N615AS,558,SEA,PSP,134,987,9,23
2014,1,1,925,-2,1106,-17,OO,N918SW,6307,PDX,SFO,85,550,9,25
2014,1,1,934,-1,1743,-12,AS,N593AS,12,SEA,BOS,276,2496,9,34
2014,1,1,938,-2,1637,-14,DL,N378NW,2424,SEA,DTW,220,1927,9,38
2014,1,1,944,-6,1727,-8,AS,N548AS,752,PDX,ATL,252,2172,9,44
2014,1,1,946,-4,1220,-38,AS,N793AS,131,PDX,ANC,197,1542,9,46
2014,1,1,947,-3,1145,-10,VX,N530VA,753,SEA,SFO,103,679,9,47
2014,1,1,949,-6,1148,-18,AS,N756AS,314,SEA,SFO,100,679,9,49
2014,1,1,949,-1,1108,-12,WN,N701GS,3572,PDX,SMF,65,479,9,49
2014,1,1,951,-4,1716,-24,AS,N583AS,764,PDX,DCA,252,2350,9,51
2014,1,1,952,-3,1223,-14,AS,N791AS,238,SEA,SAN,135,1050,9,52
2014,1,1,952,7,1345,10,AS,N609AS,644,SEA,PHX,138,1107,9,52
2014,1,1,953,-2,1339,12,AS,N625AS,680,SEA,DEN,125,1024,9,53
2014,1,1,956,-4,1358,-12,HA,N390HA,29,SEA,OGG,337,2640,9,56
2014,1,1,959,59,1211,51,AS,N409AS,614,SEA,LAS,113,867,9,59
2014,1,1,959,164,1137,157,AS,N534AS,805,SEA,SMF,77,605,9,59
2014,1,1,1001,1,1157,-5,AS,N546AS,346,SEA,OAK,98,672,10,1
2014,1,1,1005,-5,1608,2,AS,N619AS,686,PDX,ORD,222,1739,10,5
2014,1,1,1008,68,1242,64,AS,N788AS,456,SEA,LAX,129,954,10,8
2014,1,1,1011,-4,1535,-29,AS,N585AS,658,PDX,DFW,178,1616,10,11
2014,1,1,1014,-1,1429,-11,AS,N594AS,843,SEA,KOA,346,2688,10,14
2014,1,1,1014,-1,1357,-23,HA,N386HA,25,PDX,HNL,324,2603,10,14
2014,1,1,1014,75,1613,81,UA,N37408,1444,SEA,ORD,201,1721,10,14
2014,1,1,1021,-9,1347,-10,AS,N318AS,640,PDX,PHX,126,1009,10,21
2014,1,1,1022,-3,1309,-6,DL,N3757D,1857,SEA,SLC,84,689,10,22
2014,1,1,1023,-7,1407,-38,AS,N589AS,803,PDX,LIH,331,2631,10,23
2014,1,1,1027,-2,1242,-16,OO,N982SW,6518,PDX,LAX,115,834,10,27
2014,1,1,1028,-12,1533,-12,OO,N216AG,3468,SEA,OMA,162,1368,10,28
2014,1,1,1034,14,1633,6,AS,N413AS,730,SEA,IAH,214,1874,10,34
2014,1,1,1036,81,1408,63,OO,N218AG,3466,PDX,TUS,134,1119,10,36
2014,1,1,1037,2,1452,-13,AS,N538AS,851,SEA,HNL,339,2677,10,37
2014,1,1,1039,4,1325,-5,WN,N262WN,490,SEA,SLC,87,689,10,39
2014,1,1,1043,-8,1226,-13,OO,N937SW,5243,PDX,SFO,87,550,10,43
2014,1,1,1045,10,1311,-14,AS,N564AS,127,SEA,ANC,181,1448,10,45
2014,1,1,1045,40,1303,40,AS,N614AS,580,PDX,SNA,123,859,10,45
2014,1,1,1052,-3,1316,-9,VX,N844VA,784,SEA,LAX,126,954,10,52
2014,1,1,1052,2,1603,-2,WN,N756SA,899,PDX,MCI,174,1482,10,52
2014,1,1,1054,94,1807,84,DL,N377DA,1502,PDX,ATL,237,2172,10,54
2014,1,1,1055,-5,1312,-1,AS,N796AS,564,PDX,LAX,115,834,10,55
2014,1,1,1056,-4,1318,-16,B6,N646JB,107,SEA,LGB,126,965,10,56
2014,1,1,1059,44,1325,32,DL,N335NB,2189,PDX,SLC,75,630,10,59
2014,1,1,1102,2,1307,-13,AS,N549AS,316,SEA,SFO,98,679,11,2
2014,1,1,1102,2,1425,-5,WN,N697SW,1537,PDX,PHX,127,1009,11,2
2014,1,1,1105,15,1319,5,OO,N215AG,3482,SEA,SBA,114,908,11,5
2014,1,1,1105,3,1651,-4,UA,N15712,1281,SEA,ORD,198,1721,11,5
2014,1,1,1111,16,1434,7,UA,N27239,1083,SEA,DEN,122,1024,11,11
2014,1,1,1113,-2,1638,-27,AA,N3GJAA,1311,SEA,DFW,184,1660,11,13
2014,1,1,1113,-2,1427,-8,WN,N293WN,3042,PDX,DEN,121,991,11,13
2014,1,1,1117,37,1436,36,F9,N221FR,788,PDX,DEN,121,991,11,17
2014,1,1,1119,-1,1246,-11,AS,N708AS,75,SEA,JNU,129,909,11,19
2014,1,1,1122,41,1451,41,F9,N220FR,138,SEA,DEN,126,1024,11,22
2014,1,1,1123,-2,1442,-12,US,N803AW,634,PDX,PHX,121,1009,11,23
2014,1,1,1126,-4,1916,-19,US,N196UW,2019,SEA,PHL,267,2378,11,26
2014,1,1,1127,57,1400,52,OO,N824SK,4564,SEA,LAX,122,954,11,27
2014,1,1,1130,60,1646,56,AS,N552AS,762,SEA,MCI,177,1489,11,30
2014,1,1,1130,0,1324,-11,WN,N726SW,4444,PDX,LAS,103,763,11,30
2014,1,1,1131,1,1337,2,WN,N900WN,3603,SEA,OAK,101,672,11,31
2014,1,1,1132,-8,1839,0,DL,N374DA,2123,PDX,DTW,219,1953,11,32
2014,1,1,1135,-5,1422,5,AS,N537AS,500,SEA,SNA,126,978,11,35
2014,1,1,1136,11,1349,19,OO,N784SK,5214,SEA,SFO,102,679,11,36
2014,1,1,1137,52,1408,45,AS,N433AS,460,SEA,LAX,129,954,11,37
2014,1,1,1139,104,1335,85,UA,N802UA,698,SEA,SFO,94,679,11,39
2014,1,1,1144,-1,1729,-11,AS,N303AS,656,SEA,AUS,202,1770,11,44
2014,1,1,1145,13,1649,6,DL,N3744F,1380,SEA,MSP,159,1399,11,45
2014,1,1,1147,17,1415,24,AS,N565AS,578,PDX,SAN,119,933,11,47
2014,1,1,1147,-3,1349,-6,OO,N693BR,3496,SEA,FAT,97,748,11,47
2014,1,1,1148,-2,1411,1,OO,N625CA,4469,PDX,LAX,116,834,11,48
2014,1,1,1150,4,1400,-1,B6,N789JB,1521,PDX,LGB,115,846,11,50
2014,1,1,1153,-2,1750,14,AS,N524AS,754,SEA,STL,193,1709,11,53
2014,1,1,1156,1,1315,-5,WN,N774SW,361,PDX,SMF,67,479,11,56
2014,1,1,1156,0,1235,-3,OO,N237SW,5325,PDX,RDM,27,116,11,56
2014,1,1,1158,6,1915,-14,DL,N6712B,1962,SEA,ATL,234,2182,11,58
2014,1,1,1158,16,1241,19,OO,N295SW,5438,PDX,EUG,27,106,11,58
2014,1,1,1201,-4,1340,-10,VX,N523VA,817,PDX,SFO,85,550,12,1
2014,1,1,1201,-1,1816,11,UA,N424UA,277,PDX,IAH,212,1825,12,1
2014,1,1,1202,-3,1834,19,AA,N3HMAA,1628,SEA,ORD,202,1721,12,2
2014,1,1,1203,-7,1456,8,AS,N626AS,484,SEA,SAN,134,1050,12,3
2014,1,1,1203,13,1429,14,WN,N788SA,3390,SEA,LAS,117,867,12,3
2014,1,1,1209,-6,1413,-9,AS,N556AS,324,SEA,SJC,103,697,12,9
2014,1,1,1209,-6,1417,-4,OO,N219AG,3454,PDX,BUR,109,817,12,9
2014,1,1,1212,11,1808,-5,UA,N513UA,674,SEA,IAH,209,1874,12,12
2014,1,1,1215,5,1353,-2,WN,N615SW,1049,PDX,SJC,86,569,12,15
2014,1,1,1220,15,1544,9,WN,N613SW,3518,PDX,ABQ,132,1111,12,20
2014,1,1,1223,-2,1625,12,AS,N523AS,648,SEA,TUS,146,1216,12,23
2014,1,1,1223,57,1814,54,UA,N470UA,646,PDX,ORD,201,1739,12,23
2014,1,1,1228,-2,1427,-8,AS,N767AS,312,SEA,SFO,101,679,12,28
2014,1,1,1231,21,1822,27,AA,N4YRAA,1568,PDX,DFW,194,1616,12,31
2014,1,1,1233,-2,1446,-12,AS,N440AS,610,SEA,LAS,116,867,12,33
2014,1,1,1235,-5,1822,-20,AS,N587AS,692,SEA,SAT,201,1774,12,35
2014,1,1,1237,37,1604,14,WN,N961WN,3696,SEA,PHX,131,1107,12,37
2014,1,1,1238,78,1614,39,AS,N560AS,809,PDX,OGG,322,2562,12,38
2014,1,1,1238,68,1606,62,OO,N947SW,5576,PDX,DEN,126,991,12,38
2014,1,1,1239,34,1605,25,WN,N8317M,3300,SEA,DEN,126,1024,12,39
2014,1,1,1242,-3,1515,-20,AS,N568AS,113,SEA,ANC,180,1448,12,42
2014,1,1,1242,70,1617,58,US,N625AW,614,SEA,PHX,134,1107,12,42
2014,1,1,1243,-7,1440,0,AS,N607AS,388,PDX,SFO,86,550,12,43
2014,1,1,1245,-10,1454,-3,AS,N622AS,622,PDX,LAS,105,763,12,45
2014,1,1,1245,98,1345,103,OO,N229SW,5397,PDX,SEA,40,129,12,45
2014,1,1,1250,45,1342,42,AS,N644AS,674,SEA,GEG,35,224,12,50
2014,1,1,1251,-9,1752,-26,DL,N949DN,1950,SEA,MSP,161,1399,12,51
2014,1,1,1253,-7,1808,-8,DL,N964DN,2164,PDX,MSP,174,1426,12,53
2014,1,1,1254,49,1524,35,OO,N925SW,6371,SEA,LAX,126,954,12,54
2014,1,1,1255,30,1434,24,WN,N383SW,806,PDX,OAK,81,543,12,55
2014,1,1,1258,25,1438,12,UA,N464UA,353,PDX,SFO,81,550,12,58
2014,1,1,1258,44,1450,21,UA,N498UA,842,SEA,SFO,94,679,12,58
2014,1,1,1259,-1,1536,1,AS,N703AS,554,SEA,PSP,136,987,12,59
2014,1,1,1302,-3,1836,-15,AS,N403AS,664,SEA,DFW,183,1660,13,2
2014,1,1,1303,28,1912,39,AS,N307AS,22,SEA,ORD,202,1721,13,3
2014,1,1,1303,3,1810,-10,AS,N558AS,38,SEA,MSP,168,1399,13,3
2014,1,1,1305,5,1536,-17,UA,N38454,1192,SEA,ANC,187,1448,13,5
2014,1,1,1308,38,1446,31,WN,N385SW,407,SEA,SMF,83,605,13,8
2014,1,1,1309,-6,1558,-11,DL,N324US,2157,SEA,SLC,85,689,13,9
2014,1,1,1309,19,1447,17,WN,N936WN,518,SEA,RNO,74,564,13,9
2014,1,1,1310,-5,1523,-7,OO,N223AG,3478,PDX,LGB,117,846,13,10
2014,1,1,1314,-6,1547,-13,DL,N355NW,2093,PDX,SLC,77,630,13,14
2014,1,1,1320,0,1604,-21,AS,N531AS,724,SEA,SLC,86,689,13,20
2014,1,1,1321,-4,1550,-35,AS,N612AS,123,SEA,FAI,191,1533,13,21
2014,1,1,1323,-2,2038,-15,DL,N393DA,773,PDX,ATL,235,2172,13,23
2014,1,1,1323,3,2102,-12,US,N199UW,1897,SEA,CLT,254,2279,13,23
2014,1,1,1325,5,1518,-7,WN,N444WN,425,PDX,LAS,103,763,13,25
2014,1,1,1326,-6,1509,-16,UA,N832UA,367,PDX,SFO,86,550,13,26
2014,1,1,1327,2,1526,1,WN,N498WN,1356,SEA,OAK,99,672,13,27
2014,1,1,1331,-4,1632,-16,OO,N217AG,3452,SEA,HDN,105,891,13,31
2014,1,1,1340,-5,1452,-13,WN,N436WN,103,PDX,RNO,59,444,13,40
2014,1,1,1347,-3,1533,-2,AS,N306AS,362,SEA,SMF,82,605,13,47
2014,1,1,1349,10,1547,-3,UA,N79279,1299,SEA,SFO,101,679,13,49
2014,1,1,1351,-4,1621,-9,AS,N794AS,532,SEA,ONT,130,956,13,51
2014,1,1,1400,-5,1745,2,AS,N611AS,670,SEA,DEN,136,1024,14,0
2014,1,1,1404,97,1500,104,OO,N229SW,5342,SEA,PDX,33,129,14,4
2014,1,1,1405,-5,2143,-13,AS,N525AS,2,SEA,DCA,261,2329,14,5
2014,1,1,1405,0,1619,4,AS,N579AS,318,SEA,SFO,103,679,14,5
2014,1,1,1422,57,2047,72,AA,N3DPAA,115,PDX,ORD,200,1739,14,22
2014,1,1,1422,-3,1655,-3,AS,N799AS,516,SEA,SNA,135,978,14,22
2014,1,1,1424,14,1802,10,AS,N317AS,652,SEA,PHX,133,1107,14,24
2014,1,1,1426,36,2014,34,AA,N3JKAA,2269,SEA,DFW,193,1660,14,26
2014,1,1,1429,-1,1643,-7,AS,N320AS,608,SEA,LAS,119,867,14,29
2014,1,1,1434,27,2218,8,B6,N564JB,598,SEA,BOS,269,2496,14,34
2014,1,1,1438,13,1706,6,AS,N706AS,454,SEA,LAX,126,954,14,38
2014,1,1,1439,29,1713,23,AS,N760AS,486,SEA,SAN,136,1050,14,39
2014,1,1,1450,49,2101,66,UA,N69806,1584,PDX,ORD,198,1739,14,50
2014,1,1,1452,-3,1554,1,AS,N769AS,67,SEA,KTN,108,680,14,52
2014,1,1,1453,-2,1702,-9,AS,N508AS,570,PDX,LAX,111,834,14,53
2014,1,1,1458,-7,1714,-9,AS,N627AS,528,SEA,BUR,124,937,14,58
2014,1,1,1500,50,1633,38,WN,N217JC,3255,PDX,SJC,84,569,15,0
2014,1,1,1504,24,1842,17,US,N156UW,2026,SEA,PHX,137,1107,15,4
2014,1,1,1508,43,2141,86,WN,N8617E,576,SEA,MDW,209,1733,15,8
2014,1,1,1516,54,2112,54,UA,N407UA,998,SEA,ORD,193,1721,15,16
2014,1,1,1517,96,1612,98,OO,N229SW,5423,PDX,SEA,40,129,15,17
2014,1,1,1519,37,1851,41,F9,N216FR,140,SEA,DEN,136,1024,15,19
2014,1,1,1520,1,1848,2,UA,N75429,1051,PDX,DEN,127,991,15,20
2014,1,1,1527,12,1738,-2,WN,N275WN,868,SEA,LAS,116,867,15,27
2014,1,1,1531,36,1906,46,WN,N761RR,786,PDX,DEN,127,991,15,31
2014,1,1,1537,-9,1817,-13,OO,N912SW,6527,SEA,LAX,132,954,15,37
2014,1,1,1540,5,1814,-6,AS,N797AS,101,SEA,ANC,197,1448,15,40
2014,1,1,1541,-4,2330,-13,AS,N419AS,14,SEA,EWR,266,2402,15,41
2014,1,1,1543,-7,1813,8,AS,N615AS,592,PDX,SNA,121,859,15,43
2014,1,1,1545,10,2114,4,AA,N565AA,157,PDX,DFW,180,1616,15,45
2014,1,1,1545,15,1621,9,OO,N295SW,5331,PDX,RDM,25,116,15,45
2014,1,1,1554,64,1905,55,F9,N202FR,792,PDX,DEN,118,991,15,54
2014,1,1,1554,39,1912,27,US,N631AW,500,PDX,PHX,123,1009,15,54
2014,1,1,1557,92,2146,71,AA,N3CVAA,125,SEA,ORD,200,1721,15,57
2014,1,1,1608,23,2147,17,AA,N3AMAA,2248,SEA,DFW,187,1660,16,8
2014,1,1,1616,-9,1841,-14,VX,N529VA,796,SEA,LAX,125,954,16,16
2014,1,1,1617,67,1953,58,WN,N488WN,1374,SEA,PHX,140,1107,16,17
2014,1,1,1618,23,1858,8,WN,N274WN,3932,SEA,SLC,86,689,16,18
2014,1,1,1621,6,1,-14,UA,N12216,1710,SEA,EWR,261,2402,16,21
2014,1,1,1626,26,1821,23,AS,N756AS,338,SEA,OAK,98,672,16,26
2014,1,1,1627,17,1854,4,WN,N784SW,20,PDX,SLC,79,630,16,27
2014,1,1,1627,83,1728,95,OO,N229SW,5417,SEA,PDX,37,129,16,27
2014,1,1,1629,4,1834,-1,OO,N215AG,3494,PDX,SBA,105,784,16,29
2014,1,1,1632,102,2019,114,WN,N660SW,1556,SEA,DEN,128,1024,16,32
2014,1,1,1632,206,3,183,UA,N36272,1148,SEA,IAD,248,2306,16,32
2014,1,1,1633,43,1849,43,AS,N788AS,588,PDX,PSP,118,873,16,33
2014,1,1,1637,2,1915,-5,OO,N823SK,4520,PDX,SLC,78,630,16,37
2014,1,1,1638,8,1824,15,AS,N614AS,402,PDX,SJC,86,569,16,38
2014,1,1,1639,4,1908,-8,AS,N409AS,466,SEA,LAX,128,954,16,39
2014,1,1,1641,1,2041,-19,AS,N530AS,867,SEA,OGG,340,2640,16,41
2014,1,1,1659,-1,1931,7,DL,N380DA,2410,SEA,LAX,122,954,16,59
2014,1,1,1700,0,2109,-21,AS,N562AS,899,SEA,HNL,334,2677,17,0
2014,1,1,1708,177,2307,164,UA,N75410,1246,SEA,IAH,216,1874,17,8
2014,1,1,1712,-3,1911,-9,VX,N836VA,755,SEA,SFO,100,679,17,12
2014,1,1,1712,47,1913,38,OO,N218AG,3462,PDX,ONT,109,838,17,12
2014,1,1,1713,43,1848,33,WN,N939WN,931,SEA,SMF,78,605,17,13
2014,1,1,1720,0,1932,-6,OO,N815SK,4684,PDX,LAX,112,834,17,20
2014,1,1,1721,66,1919,59,WN,N959WN,577,SEA,OAK,99,672,17,21
2014,1,1,1722,47,1923,40,UA,N27421,1137,SEA,SFO,102,679,17,22
2014,1,1,1728,78,1926,71,WN,N472WN,839,PDX,LAS,105,763,17,28
2014,1,1,1735,-2,2021,13,B6,N613JB,1007,SEA,LGB,138,965,17,35
2014,1,1,1741,-4,1953,-8,AS,N318AS,562,PDX,LAX,109,834,17,41
2014,1,1,1743,3,2139,-26,AS,N597AS,877,SEA,KOA,337,2688,17,43
2014,1,1,1743,-2,1949,-2,OO,N219AG,3488,PDX,BUR,111,817,17,43
2014,1,1,1744,8,1842,13,OO,N229SW,5417,PDX,SEA,36,129,17,44
2014,1,1,1749,4,2127,-5,US,N622AW,524,SEA,PHX,136,1107,17,49
2014,1,1,1751,144,1928,135,UA,N802UA,212,PDX,SFO,81,550,17,51
2014,1,1,1756,31,2025,30,AS,N644AS,514,SEA,SNA,132,978,17,56
2014,1,1,1756,-4,2118,-12,US,N655AW,577,PDX,PHX,127,1009,17,56
2014,1,1,1759,-1,1934,-11,VX,N523VA,813,PDX,SFO,80,550,17,59
2014,1,1,1802,-3,2355,2,AS,N442AS,26,SEA,ORD,200,1721,18,2
2014,1,1,1803,18,2015,13,DL,N389DA,2449,SEA,LAS,115,867,18,3
2014,1,1,1807,19,1951,11,OO,N938SW,5553,PDX,SFO,82,550,18,7
2014,1,1,1808,73,1930,70,WN,N367SW,747,PDX,SMF,69,479,18,8
2014,1,1,1811,21,2147,-12,DL,N590NW,2237,SEA,HNL,317,2677,18,11
2014,1,1,1814,-6,2222,-33,AS,N559AS,859,SEA,HNL,336,2677,18,14
2014,1,1,1819,4,2051,-12,AS,N433AS,109,SEA,ANC,191,1448,18,19
2014,1,1,1819,-5,2025,-14,B6,N662JB,1621,PDX,LGB,113,846,18,19
2014,1,1,1821,15,2135,2,UA,N524UA,550,PDX,DEN,111,991,18,21
2014,1,1,1825,0,2108,1,AS,N549AS,464,SEA,LAX,122,954,18,25
2014,1,1,1829,-11,2222,-33,AS,N565AS,863,PDX,OGG,329,2562,18,29
2014,1,1,1835,-5,2037,-8,AS,N792AS,302,SEA,SFO,101,679,18,35
2014,1,1,1835,105,2015,105,WN,N389SW,568,PDX,OAK,87,543,18,35
2014,1,1,1836,-10,2125,-4,OO,N953SW,6316,SEA,LAX,132,954,18,36
2014,1,1,1839,55,2158,42,UA,N12225,1248,SEA,DEN,118,1024,18,39
2014,1,1,1841,-4,2123,-2,AS,N537AS,480,SEA,SAN,135,1050,18,41
2014,1,1,1841,-4,2109,-8,AS,N607AS,510,SEA,SNA,131,978,18,41
2014,1,1,1847,7,1949,6,AS,N708AS,69,SEA,KTN,99,680,18,47
2014,1,1,1850,-5,2027,-17,AS,N556AS,381,SEA,SMF,79,605,18,50
2014,1,1,1850,-5,2228,-13,AS,N609AS,630,SEA,PHX,137,1107,18,50
2014,1,1,1851,-4,2052,-2,AS,N622AS,620,PDX,LAS,103,763,18,51
2014,1,1,1851,21,2029,19,WN,N380SW,348,PDX,SJC,87,569,18,51
2014,1,1,1852,-3,2101,3,AS,N306AS,328,SEA,SJC,102,697,18,52
2014,1,1,1857,42,2053,33,WN,N240WN,286,SEA,SJC,100,697,18,57
2014,1,1,1858,-2,2056,-4,AS,N529AS,379,PDX,SFO,84,550,18,58
2014,1,1,1859,-1,2117,-13,OO,N925SW,6250,PDX,LAX,115,834,18,59
2014,1,1,1901,66,2107,72,WN,N7724A,958,SEA,OAK,95,672,19,1
2014,1,1,1901,1,105,-11,UA,N76269,1496,SEA,IAH,221,1874,19,1
2014,1,1,1906,11,2102,3,VX,N842VA,759,SEA,SFO,96,679,19,6
2014,1,1,1906,1,2006,12,OO,N229SW,5424,SEA,PDX,31,129,19,6
2014,1,1,1915,10,2122,-13,WN,N697SW,1715,SEA,LAS,114,867,19,15
2014,1,1,1921,56,2038,48,WN,N353SW,718,PDX,SMF,66,479,19,21
2014,1,1,1922,32,2132,20,AS,N305AS,616,SEA,LAS,114,867,19,22
2014,1,1,1925,90,2246,81,WN,N493WN,1115,PDX,PHX,129,1009,19,25
2014,1,1,1930,-5,2146,-11,AS,N596AS,520,SEA,BUR,123,937,19,30
2014,1,1,1930,0,2250,-6,AS,N626AS,672,SEA,DEN,122,1024,19,30
2014,1,1,1934,-6,2238,23,AS,N625AS,476,SEA,LAX,125,954,19,34
2014,1,1,1936,8,2119,-2,UA,N402UA,995,PDX,SFO,82,550,19,36
2014,1,1,1939,-6,2205,-14,AS,N553AS,518,SEA,SNA,129,978,19,39
2014,1,1,1941,27,2140,10,UA,N36469,1173,SEA,SFO,98,679,19,41
2014,1,1,1942,82,2304,69,OO,N216AG,3498,SEA,COS,123,1068,19,42
2014,1,1,1949,79,2117,67,WN,N961WN,3963,PDX,OAK,76,543,19,49
2014,1,1,1954,-10,2134,-22,OO,N471CA,5659,PDX,SFO,84,550,19,54
2014,1,1,1957,-3,2044,-13,AS,N624AS,694,SEA,GEG,35,224,19,57
2014,1,1,1958,3,2229,-17,AS,N440AS,129,SEA,FAI,198,1533,19,58
2014,1,1,2001,6,2144,10,AS,N585AS,404,PDX,SJC,84,569,20,1
2014,1,1,2009,-6,2212,-1,OO,N217AG,3490,SEA,FAT,97,748,20,9
2014,1,1,2010,-10,2347,-12,AS,N793AS,632,SEA,PHX,140,1107,20,10
2014,1,1,2012,-3,2219,-6,OO,N223AG,3464,PDX,ONT,110,838,20,12
2014,1,1,2014,-6,2328,-28,US,N662AW,581,PDX,PHX,120,1009,20,14
2014,1,1,2018,3,2252,-8,AS,N703AS,111,SEA,ANC,197,1448,20,18
2014,1,1,2018,48,2151,36,WN,N774SW,520,SEA,SMF,80,605,20,18
2014,1,1,2020,30,2316,18,AS,N516AS,137,PDX,ANC,208,1542,20,20
2014,1,1,2022,-3,2353,-17,US,N627AW,626,SEA,PHX,133,1107,20,22
2014,1,1,2026,-4,2226,-2,AS,N531AS,226,SEA,SJC,102,697,20,26
2014,1,1,2034,-7,2242,-12,OO,N967SW,6426,SEA,SFO,103,679,20,34
2014,1,1,2038,78,2348,68,F9,N934FR,794,PDX,DEN,114,991,20,38
2014,1,1,2043,-2,2307,1,AS,N786AS,574,PDX,SAN,126,933,20,43
2014,1,1,2050,10,2311,-3,AS,N618AS,472,SEA,LAX,120,954,20,50
2014,1,1,2058,18,2320,5,VX,N625VA,798,SEA,LAX,121,954,20,58
2014,1,1,2108,-2,2347,-16,UA,N17229,1603,SEA,ANC,200,1448,21,8
2014,1,1,2110,-5,2326,-10,AS,N319AS,618,SEA,LAS,113,867,21,10
2014,1,1,2118,13,2350,10,AS,N533AS,488,SEA,SAN,134,1050,21,18
2014,1,1,2121,-4,2326,-8,AS,N552AS,300,SEA,SFO,98,679,21,21
2014,1,1,2122,-8,2327,-4,AS,N619AS,624,PDX,LAS,101,763,21,22
2014,1,1,2129,16,513,-2,UA,N73275,156,SEA,EWR,267,2402,21,29
2014,1,1,2130,13,531,16,B6,N635JB,1206,PDX,JFK,274,2454,21,30
2014,1,1,2132,2,2330,0,AS,N611AS,358,SEA,OAK,95,672,21,32
2014,1,1,2136,-4,3,-11,AS,N523AS,450,SEA,LAX,122,954,21,36
2014,1,1,2138,8,17,0,AS,N413AS,731,SEA,ANC,190,1448,21,38
2014,1,1,2153,123,2350,120,WN,N614SW,304,SEA,OAK,99,672,21,53
2014,1,1,2158,-7,627,2,AS,N558AS,24,SEA,BOS,284,2496,21,58
2014,1,1,2202,-3,622,-18,AA,N5CSAA,1070,SEA,MIA,302,2724,22,2
2014,1,1,2213,83,31,77,AS,N713AS,536,SEA,ONT,123,956,22,13
2014,1,1,2216,1,601,-7,US,N560UW,1818,SEA,PHL,263,2378,22,16
2014,1,1,2217,17,48,-4,AS,N756AS,117,SEA,ANC,197,1448,22,17
2014,1,1,2221,1,2308,11,OO,N229SW,5440,PDX,RDM,28,116,22,21
2014,1,1,2221,-4,550,-30,US,N571UW,467,PDX,CLT,250,2282,22,21
2014,1,1,2222,-3,611,2,US,N181UW,1944,SEA,CLT,262,2279,22,22
2014,1,1,2227,167,140,155,F9,N218FR,142,SEA,DEN,116,1024,22,27
2014,1,1,2229,-1,2336,-5,OO,N295SW,5437,PDX,LMT,50,241,22,29
2014,1,1,2237,-1,623,-4,UA,N573UA,583,PDX,EWR,261,2434,22,37
2014,1,1,2249,9,611,2,DL,N126DL,2188,SEA,ATL,239,2182,22,49
2014,1,1,2253,8,611,4,DL,N371DA,503,PDX,ATL,240,2172,22,53
2014,1,1,2259,72,659,70,B6,N505JB,498,SEA,BOS,282,2496,22,59
2014,1,1,2259,-5,442,-18,UA,N29717,1632,PDX,ORD,196,1739,22,59
2014,1,1,2300,-5,159,-11,AS,N788AS,125,SEA,FAI,205,1533,23,0
2014,1,1,2303,14,447,0,UA,N38454,1617,SEA,ORD,198,1721,23,3
2014,1,1,2306,6,142,-3,AS,N617AS,103,SEA,ANC,194,1448,23,6
2014,1,1,2306,6,9,11,AS,N627AS,698,SEA,GEG,36,224,23,6
2014,1,1,2312,13,706,7,DL,N727TW,1542,SEA,JFK,268,2422,23,12
2014,1,1,2313,45,516,42,UA,N73278,1129,SEA,IAH,212,1874,23,13
2014,1,1,2321,1,443,-17,AA,N3ABAA,1230,SEA,DFW,185,1660,23,21
2014,1,1,2324,26,729,34,B6,N593JB,264,SEA,JFK,273,2422,23,24
2014,1,1,2333,67,721,70,UA,N77530,1100,SEA,IAD,261,2306,23,33
2014,1,1,2355,8,540,-13,UA,N23707,1282,SEA,IAH,208,1874,23,55
2014,1,1,2356,136,137,131,AS,N587AS,372,SEA,SMF,79,605,23,56
2014,1,1,2357,7,523,-12,AS,N407AS,660,SEA,DFW,188,1660,23,57
2014,1,1,2359,27,717,31,UA,N818UA,407,SEA,CLE,235,2021,23,59
2014,1,1,NA,NA,NA,NA,AS,N763AS,61,SEA,JNU,NA,909,NA,NA
2014,1,1,NA,NA,NA,NA,OO,N237SW,5428,PDX,SEA,NA,129,NA,NA
2014,1,1,NA,NA,NA,NA,OO,N237SW,5325,SEA,PDX,NA,129,NA,NA
2014,1,1,NA,NA,NA,NA,OO,N585SW,5353,PDX,EUG,NA,106,NA,NA
2014,1,1,NA,NA,NA,NA,OO,N295SW,5438,SEA,PDX,NA,129,NA,NA
2014,1,1,NA,NA,NA,NA,OO,N295SW,5379,PDX,SEA,NA,129,NA,NA
2014,1,1,NA,NA,NA,NA,OO,N295SW,5403,PDX,EUG,NA,106,NA,NA
2014,1,1,NA,NA,NA,NA,OO,N918SW,5639,SEA,SFO,NA,679,NA,NA
2014,1,1,NA,NA,NA,NA,UA,,1142,SEA,EWR,NA,2402,NA,NA
2014,1,1,NA,NA,NA,NA,UA,,1195,SEA,DEN,NA,1024,NA,NA
2014,1,1,NA,NA,NA,NA,UA,,1647,PDX,ORD,NA,1739,NA,NA
2014,1,2,8,-2,748,-13,US,N171US,1830,SEA,CLT,254,2279,0,8
2014,1,2,11,16,730,10,DL,N6702,1504,SEA,ATL,235,2182,0,11
2014,1,2,14,84,1356,NA,DL,N379DA,2022,PDX,JFK,NA,2454,0,14
2014,1,2,16,121,758,110,US,N538UW,1818,SEA,PHL,261,2378,0,16
2014,1,2,20,385,207,372,WN,N8620H,3464,SEA,OAK,96,672,0,20
2014,1,2,29,-1,536,-2,DL,N612DL,1292,SEA,MSP,167,1399,0,29
2014,1,2,30,75,732,69,DL,N859NW,1823,SEA,DTW,213,1927,0,30
2014,1,2,44,49,641,51,UA,N423UA,758,PDX,IAH,215,1825,0,44
2014,1,2,45,-10,550,-18,DL,N924DN,1080,PDX,MSP,168,1426,0,45
2014,1,2,55,116,NA,NA,DL,N705TW,1542,SEA,JFK,NA,2422,0,55
2014,1,2,57,113,628,88,UA,N21723,1632,PDX,ORD,196,1739,0,57
2014,1,2,151,321,310,315,WN,N735SA,1546,PDX,SMF,67,479,1,51
2014,1,2,158,180,1257,NA,B6,N630JB,264,SEA,JFK,NA,2422,1,58
2014,1,2,223,236,1011,222,UA,N37427,1142,SEA,EWR,260,2402,2,23
2014,1,2,225,158,826,153,UA,N16732,1114,SEA,IAH,213,1874,2,25
2014,1,2,516,-4,854,-12,US,N622AW,460,SEA,PHX,140,1107,5,16
2014,1,2,516,-4,841,-12,UA,N35407,1224,SEA,DEN,121,1024,5,16
2014,1,2,516,-9,839,-16,US,N523UW,649,PDX,PHX,128,1009,5,16
2014,1,2,518,-3,807,31,OO,N925SW,5639,SEA,SFO,101,679,5,18
2014,1,2,528,-2,1119,-14,UA,N848UA,275,PDX,IAH,213,1825,5,28
2014,1,2,546,-4,846,-7,DL,N686DA,1634,SEA,SLC,87,689,5,46
2014,1,2,552,-8,803,-18,AS,N409AS,604,SEA,LAS,114,867,5,52
2014,1,2,552,-8,830,-18,DL,N663DN,1831,PDX,SLC,80,630,5,52
2014,1,2,555,-5,832,-18,AS,N512AS,81,SEA,ANC,195,1448,5,55
2014,1,2,557,-3,914,-11,F9,N221FR,796,PDX,DEN,117,991,5,57
2014,1,2,558,-2,733,-12,WN,N498WN,1461,PDX,OAK,81,543,5,58
2014,1,2,558,-2,922,-8,WN,N776WN,1927,PDX,PHX,129,1009,5,58
2014,1,2,559,-6,750,-22,AS,N535AS,344,SEA,OAK,95,672,5,59
2014,1,2,600,0,1156,6,AA,N3DGAA,1094,SEA,DFW,198,1660,6,0
2014,1,2,602,2,1213,3,AA,N3KGAA,2240,SEA,ORD,208,1721,6,2
2014,1,2,602,2,754,-9,AS,N431AS,200,SEA,SJC,99,697,6,2
2014,1,2,602,-4,1204,2,UA,N446UA,474,SEA,ORD,202,1721,6,2
2014,1,2,605,0,932,-6,F9,N211FR,144,SEA,DEN,123,1024,6,5
2014,1,2,605,0,921,-19,WN,N8313F,145,SEA,DEN,119,1024,6,5
2014,1,2,606,-4,838,-12,AS,N402AS,426,SEA,LAX,123,954,6,6
2014,1,2,606,1,1157,0,UA,N87531,1573,PDX,ORD,201,1739,6,6
2014,1,2,609,-6,841,-21,AS,N548AS,494,SEA,SAN,131,1050,6,9
2014,1,2,611,11,752,9,AS,N760AS,406,PDX,SJC,86,569,6,11
2014,1,2,611,1,1220,-2,UA,N17229,1246,SEA,IAH,225,1874,6,11
2014,1,2,613,-2,858,6,AS,N644AS,524,SEA,SNA,133,978,6,13
2014,1,2,613,3,813,-12,AS,N796AS,308,SEA,SFO,100,679,6,13
2014,1,2,614,-6,1158,-7,AA,N4XJAA,1650,PDX,DFW,194,1616,6,14
2014,1,2,616,1,817,-3,VX,N529VA,751,SEA,SFO,101,679,6,16
2014,1,2,621,46,801,35,UA,N35260,1209,PDX,SFO,83,550,6,21
2014,1,2,625,5,939,-6,WN,N260WN,1111,PDX,DEN,118,991,6,25
2014,1,2,627,-3,1350,-7,DL,N3746H,1156,PDX,ATL,244,2172,6,27
2014,1,2,627,5,902,-3,OO,N692CA,4693,SEA,LAX,128,954,6,27
2014,1,2,628,-2,1405,-3,DL,N616DL,968,SEA,ATL,254,2182,6,28
2014,1,2,628,48,941,34,UA,N37462,1569,PDX,DEN,115,991,6,28
2014,1,2,629,-2,1230,-11,UA,N437UA,912,SEA,IAH,214,1874,6,29
2014,1,2,631,-4,1001,-11,UA,N547UA,328,SEA,DEN,118,1024,6,31
2014,1,2,634,-6,1215,-11,AS,N551AS,668,SEA,DFW,196,1660,6,34
2014,1,2,635,-5,1009,1,AS,N536AS,646,PDX,PHX,128,1009,6,35
2014,1,2,636,-4,854,-6,AS,N532AS,572,PDX,SAN,119,933,6,36
2014,1,2,637,-3,906,-9,AS,N408AS,556,SEA,PSP,131,987,6,37
2014,1,2,637,2,1231,1,WN,N8603F,401,PDX,MDW,216,1751,6,37
2014,1,2,637,17,1442,11,UA,N37466,1021,PDX,EWR,286,2434,6,37
2014,1,2,638,-2,842,-6,OO,N218AG,3456,PDX,BUR,105,817,6,38
2014,1,2,642,-3,857,-11,OO,N804SK,4692,PDX,LAX,112,834,6,42
2014,1,2,643,-7,927,2,AS,N320AS,470,SEA,LAX,124,954,6,43
2014,1,2,643,-2,822,-13,WN,N7732A,2537,SEA,SMF,81,605,6,43
2014,1,2,644,-1,912,7,AS,N703AS,560,PDX,LAX,111,834,6,44
2014,1,2,645,10,1238,8,WN,N8602F,3694,SEA,MDW,214,1733,6,45
2014,1,2,647,17,824,8,UA,N76503,1621,PDX,SFO,83,550,6,47
2014,1,2,649,-1,1010,-9,AS,N524AS,682,SEA,DEN,124,1024,6,49
2014,1,2,650,5,846,-4,WN,N943WN,247,PDX,LAS,103,763,6,50
2014,1,2,655,0,1230,18,AS,N433AS,36,SEA,MSP,171,1399,6,55
2014,1,2,655,-5,1157,-16,DL,N397DA,2314,SEA,MSP,165,1399,6,55
2014,1,2,655,-5,1213,-7,DL,N934DN,2090,PDX,MSP,175,1426,6,55
2014,1,2,656,-4,915,-6,AS,N622AS,582,PDX,SNA,118,859,6,56
2014,1,2,658,-2,1051,-29,AS,N514AS,833,PDX,HNL,326,2603,6,58
2014,1,2,658,-7,923,-17,VX,N622VA,1780,SEA,LAX,125,954,6,58
2014,1,2,659,-1,943,-22,AS,N307AS,726,SEA,SLC,90,689,6,59
2014,1,2,659,-6,919,-3,B6,N524JB,1121,PDX,LGB,113,846,6,59
2014,1,2,659,-1,1500,-7,DL,N703TW,418,SEA,JFK,275,2422,6,59
2014,1,2,701,-9,903,-17,AS,N530AS,332,SEA,SJC,100,697,7,1
2014,1,2,701,1,826,-4,WN,N904WN,2885,PDX,SMF,70,479,7,1
2014,1,2,701,1,1038,-7,WN,N8613K,669,SEA,PHX,139,1107,7,1
2014,1,2,702,34,1447,35,UA,N538UA,250,PDX,IAD,257,2327,7,2
2014,1,2,703,-2,912,-7,OO,N219AG,3460,PDX,ONT,109,838,7,3
2014,1,2,704,-6,1535,21,DL,N3748Y,2258,PDX,JFK,285,2454,7,4